is_home,knicks_pts,opp_pts,knicks_fg_pct,knicks_fg3_pct,knicks_tov,knicks_ast,knicks_reb,opp_fg_pct,opp_tov,game_id,game_date,season,point_diff,total_pts,knicks_win,roll5_knicks_pts,roll5_opp_pts,roll5_point_diff,roll5_total_pts,roll5_knicks_fg_pct,roll5_knicks_fg3_pct,roll5_knicks_tov,roll5_knicks_ast,roll5_knicks_reb,roll5_opp_fg_pct,roll5_opp_tov,roll10_knicks_pts,roll10_opp_pts,roll10_point_diff,roll10_total_pts,roll10_knicks_fg_pct,roll10_knicks_fg3_pct,roll10_knicks_tov,roll10_knicks_ast,roll10_knicks_reb,roll10_opp_fg_pct,roll10_opp_tov,knicks_season_win_pct,game_date_dt,rest_days,back_to_back
1,134,131,0.54,0.37,16,26,46,0.49,15,401468213,2022-10-26,2023,3,265,1,119.0,107.66666666666667,11.333333333333334,226.66666666666666,0.4633333333333334,0.32,12.666666666666666,27.0,51.333333333333336,0.41333333333333333,14.0,119.0,107.66666666666667,11.333333333333334,226.66666666666666,0.4633333333333334,0.32,12.666666666666666,27.0,51.333333333333336,0.41333333333333333,14.0,0.6666666666666666,2022-10-26,1.0,0
0,108,119,0.4,0.34,13,19,54,0.39,7,401468230,2022-10-29,2023,-11,227,0,122.75,113.5,9.25,236.25,0.48250000000000004,0.3325,13.5,26.75,50.0,0.4325,14.25,122.75,113.5,9.25,236.25,0.48250000000000004,0.3325,13.5,26.75,50.0,0.4325,14.25,0.75,2022-10-29,2.0,0
0,108,121,0.49,0.37,14,26,45,0.46,14,401468245,2022-10-30,2023,-13,229,0,119.8,114.6,5.2,234.4,0.466,0.33399999999999996,13.4,25.2,50.8,0.42400000000000004,12.8,119.8,114.6,5.2,234.4,0.466,0.33399999999999996,13.4,25.2,50.8,0.42400000000000004,12.8,0.6,2022-10-30,0.0,1
1,99,112,0.41,0.28,17,23,52,0.41,9,401468265,2022-11-02,2023,-13,211,0,119.0,115.8,3.2,234.8,0.4840000000000001,0.36,13.8,24.8,49.0,0.438,12.8,117.83333333333333,115.66666666666667,2.1666666666666665,233.5,0.47000000000000003,0.34,13.5,25.333333333333332,49.833333333333336,0.43,13.0,0.5,2022-11-02,2.0,0
0,106,104,0.46,0.27,22,24,50,0.38,15,401468277,2022-11-04,2023,2,210,1,112.8,117.0,-4.2,229.8,0.45999999999999996,0.332,14.8,23.6,49.4,0.434,11.6,115.14285714285714,115.14285714285714,0.0,230.28571428571428,0.4614285714285714,0.3314285714285714,14.0,25.0,50.142857142857146,0.42714285714285716,12.428571428571429,0.42857142857142855,2022-11-04,1.0,0
1,118,133,0.51,0.41,14,22,44,0.53,13,401468290,2022-11-05,2023,-15,251,0,111.0,117.4,-6.4,228.4,0.45999999999999996,0.326,16.4,23.6,49.4,0.426,12.0,114.0,113.75,0.25,227.75,0.46125000000000005,0.32375,15.0,24.875,50.125,0.42125,12.75,0.5,2022-11-05,0.0,1
0,120,107,0.44,0.4,19,26,43,0.47,18,401468308,2022-11-08,2023,13,227,1,107.8,117.8,-10.0,225.6,0.454,0.334,16.0,22.8,49.0,0.434,11.6,114.44444444444444,115.88888888888889,-1.4444444444444444,230.33333333333334,0.4666666666666667,0.3333333333333333,14.88888888888889,24.555555555555557,49.44444444444444,0.43333333333333335,12.777777777777779,0.4444444444444444,2022-11-08,2.0,0
0,85,112,0.32,0.28,15,21,46,0.48,15,401468319,2022-11-10,2023,-27,197,0,110.2,115.4,-5.2,225.6,0.462,0.346,17.2,24.2,46.8,0.45,13.8,115.0,115.0,0.0,230.0,0.4640000000000001,0.33999999999999997,15.3,24.7,48.8,0.437,13.3,0.5,2022-11-10,1.0,0
1,121,112,0.45,0.25,11,23,47,0.46,15,401468333,2022-11-12,2023,9,233,1,105.6,113.6,-8.0,219.2,0.42799999999999994,0.328,17.4,23.2,47.0,0.454,14.0,112.3,114.7,-2.4,227.0,0.45599999999999996,0.34400000000000003,15.6,24.0,48.0,0.446,13.4,0.45454545454545453,2022-11-12,1.0,0
1,135,145,0.49,0.32,13,25,35,0.63,19,401468347,2022-11-13,2023,-10,280,0,110.0,113.6,-3.6,223.6,0.43600000000000005,0.32199999999999995,16.2,23.2,46.0,0.46399999999999997,15.2,111.4,115.3,-3.9,226.7,0.44800000000000006,0.327,15.5,23.4,47.7,0.449,13.4,0.5,2022-11-13,0.0,1
0,118,111,0.47,0.34,14,26,43,0.43,21,401468363,2022-11-16,2023,7,229,1,115.8,121.8,-6.0,237.6,0.442,0.33199999999999996,14.4,23.4,43.0,0.514,16.0,113.4,119.6,-6.2,233.0,0.45100000000000007,0.329,15.4,23.5,46.2,0.47000000000000003,14.0,0.46153846153846156,2022-11-16,2.0,0
0,106,103,0.44,0.24,8,24,40,0.44,15,401468374,2022-11-17,2023,3,209,1,115.8,117.4,-1.6,233.2,0.434,0.318,14.4,24.2,42.8,0.49399999999999994,17.6,111.8,117.6,-5.8,229.4,0.44400000000000006,0.32599999999999996,15.2,23.5,45.9,0.46399999999999997,14.6,0.5,2022-11-17,0.0,1
0,101,111,0.34,0.26,16,16,45,0.45,18,401468388,2022-11-19,2023,-10,212,0,113.0,116.6,-3.6,229.6,0.434,0.286,12.2,23.8,42.2,0.488,17.0,111.6,116.0,-4.4,227.6,0.44799999999999995,0.316,14.7,24.0,44.5,0.46900000000000003,15.4,0.5333333333333333,2022-11-19,1.0,0
0,95,116,0.4,0.28,11,20,39,0.43,13,401468395,2022-11-20,2023,-21,211,0,116.2,116.4,-0.2,232.6,0.438,0.282,12.4,22.8,42.0,0.48200000000000004,17.6,110.9,115.0,-4.1,225.9,0.433,0.305,14.9,23.0,44.5,0.4680000000000001,15.8,0.5,2022-11-20,0.0,1
0,129,119,0.53,0.32,15,21,48,0.49,14,401468409,2022-11-22,2023,10,248,1,111.0,117.2,-6.2,228.2,0.42800000000000005,0.28800000000000003,12.4,22.2,40.4,0.476,17.2,110.5,115.4,-4.9,225.9,0.43200000000000005,0.30500000000000005,14.3,22.7,43.2,0.47000000000000003,16.2,0.47058823529411764,2022-11-22,1.0,0
1,129,132,0.44,0.32,10,27,44,0.49,13,401468429,2022-11-26,2023,-3,261,0,109.8,112.0,-2.2,221.8,0.43600000000000005,0.28800000000000003,12.8,21.4,43.0,0.44800000000000006,16.2,112.8,116.9,-4.1,229.7,0.43900000000000006,0.31,13.6,22.4,43.0,0.48100000000000004,16.1,0.5,2022-11-26,3.0,0
1,123,127,0.51,0.33,8,30,42,0.48,11,401468451,2022-11-27,2023,-4,250,0,112.0,116.2,-4.2,228.2,0.43000000000000005,0.284,12.0,21.6,43.2,0.45999999999999996,14.6,113.9,116.8,-2.9,230.7,0.43200000000000005,0.30100000000000005,13.2,22.9,43.0,0.477,16.1,0.47368421052631576,2022-11-27,0.0,1
0,140,110,0.56,0.46,14,31,51,0.51,16,401468464,2022-11-30,2023,30,250,1,115.4,121.0,-5.6,236.4,0.44400000000000006,0.302,12.0,22.8,43.6,0.46799999999999997,13.8,114.2,118.8,-4.6,233.0,0.43900000000000006,0.29400000000000004,12.1,23.3,42.9,0.47800000000000004,15.4,0.45,2022-11-30,2.0,0
1,103,109,0.42,0.2,8,18,55,0.43,6,401468471,2022-12-01,2023,-6,212,0,123.2,120.8,2.4,244.0,0.4880000000000001,0.34199999999999997,11.6,25.8,44.8,0.48,13.4,119.7,118.6,1.1,238.3,0.46299999999999997,0.312,12.0,24.3,43.4,0.481,15.5,0.47619047619047616,2022-12-01,0.0,1
1,100,121,0.45,0.32,20,18,45,0.43,11,401468492,2022-12-03,2023,-21,221,0,124.8,119.4,5.4,244.2,0.4920000000000001,0.326,11.0,25.4,48.0,0.48,12.0,117.9,118.3,-0.4,236.2,0.45999999999999996,0.307,11.7,23.8,44.2,0.47800000000000004,14.6,0.45454545454545453,2022-12-03,1.0,0
1,92,81,0.41,0.17,21,17,54,0.35,19,401468503,2022-12-04,2023,11,173,1,119.0,119.8,-0.8,238.8,0.476,0.32599999999999996,12.0,24.8,47.4,0.46799999999999997,11.4,114.4,115.9,-1.5,230.3,0.45600000000000007,0.30700000000000005,12.4,23.1,45.2,0.458,13.8,0.43478260869565216,2022-12-04,0.0,1
1,113,89,0.45,0.47,14,26,55,0.38,11,401468520,2022-12-08,2023,24,202,1,111.6,109.6,2.0,221.2,0.47000000000000003,0.29600000000000004,14.2,22.8,49.4,0.44000000000000006,12.6,111.8,112.9,-1.1,224.7,0.45,0.29000000000000004,13.1,22.2,46.3,0.45,13.6,0.4583333333333333,2022-12-08,3.0,0
0,121,102,0.44,0.38,14,25,48,0.44,13,401468532,2022-12-10,2023,19,223,1,109.6,102.0,7.6,211.6,0.458,0.324,15.4,22.0,52.0,0.42000000000000004,12.6,112.5,111.5,1.0,224.0,0.45099999999999996,0.313,13.7,22.4,47.8,0.44399999999999995,13.2,0.48,2022-12-10,1.0,0
1,112,99,0.45,0.23,17,19,55,0.4,17,401468552,2022-12-11,2023,13,211,1,105.8,100.4,5.4,206.2,0.434,0.308,15.4,20.8,51.4,0.40599999999999997,12.0,114.5,110.6,3.9,225.1,0.461,0.32500000000000007,13.5,23.3,48.1,0.44299999999999995,12.7,0.5,2022-12-11,0.0,1
0,128,120,0.49,0.53,18,25,48,0.55,12,401468573,2022-12-15,2023,8,248,1,107.6,98.4,9.2,206.0,0.44000000000000006,0.314,17.2,21.0,51.4,0.4,14.2,116.2,108.9,7.3,225.1,0.466,0.32,14.1,23.2,49.7,0.44000000000000006,13.1,0.5185185185185185,2022-12-15,3.0,0
0,114,91,0.4,0.39,12,19,50,0.47,20,401468589,2022-12-17,2023,23,205,1,113.2,98.2,15.0,211.4,0.44799999999999995,0.356,16.8,22.4,52.0,0.42400000000000004,14.4,116.1,109.0,7.1,225.1,0.462,0.341,14.4,23.6,49.7,0.446,12.9,0.5357142857142857,2022-12-17,1.0,0
0,109,106,0.47,0.31,16,13,49,0.43,15,401468601,2022-12-18,2023,3,215,1,117.6,100.2,17.4,217.8,0.446,0.4,15.0,22.8,51.2,0.44800000000000006,14.6,114.6,104.9,9.7,219.5,0.458,0.348,14.6,22.8,50.3,0.44399999999999995,13.6,0.5517241379310345,2022-12-18,0.0,1
1,132,94,0.52,0.43,12,27,47,0.47,20,401468618,2022-12-21,2023,38,226,1,116.8,103.6,13.2,220.4,0.45,0.368,15.4,20.2,50.0,0.458,15.4,113.2,102.8,10.4,216.0,0.45400000000000007,0.346,15.4,21.1,51.0,0.43899999999999995,14.0,0.5666666666666667,2022-12-21,2.0,0
1,106,113,0.55,0.42,17,25,38,0.45,5,401468626,2022-12-22,2023,-7,219,0,119.0,102.0,17.0,221.0,0.466,0.378,15.0,20.6,49.8,0.46399999999999997,16.8,112.4,101.2,11.2,213.6,0.45,0.34299999999999997,15.2,20.7,50.6,0.43500000000000005,14.4,0.5806451612903226,2022-12-22,0.0,1
1,117,118,0.5,0.46,10,23,47,0.48,4,401468640,2022-12-24,2023,-1,235,0,117.8,104.8,13.0,222.6,0.48599999999999993,0.41600000000000004,15.0,21.8,46.4,0.47400000000000003,14.4,112.7,101.6,11.1,214.3,0.46299999999999997,0.36500000000000005,16.1,21.4,48.9,0.437,14.3,0.5625,2022-12-24,1.0,0
1,112,119,0.48,0.38,8,30,46,0.51,8,401468648,2022-12-25,2023,-7,231,0,115.6,104.4,11.2,220.0,0.4880000000000001,0.402,13.4,21.4,46.2,0.45999999999999996,12.8,114.4,101.3,13.1,215.7,0.46799999999999997,0.379,15.1,21.9,49.1,0.442,13.6,0.5454545454545454,2022-12-25,0.0,1
0,121,126,0.44,0.32,10,27,55,0.49,9,401468667,2022-12-28,2023,-5,247,0,115.2,110.0,5.2,225.2,0.5039999999999999,0.4,12.6,23.6,45.4,0.46799999999999997,10.4,116.4,105.1,11.3,221.5,0.475,0.4,13.8,23.2,48.3,0.458,12.5,0.5294117647058824,2022-12-28,2.0,0
0,115,122,0.42,0.37,13,20,38,0.51,13,401468682,2022-12-30,2023,-7,237,0,117.6,114.0,3.6,231.6,0.49800000000000005,0.40199999999999997,11.4,26.4,46.6,0.48,9.2,117.2,108.8,8.4,226.0,0.47400000000000003,0.385,13.4,23.3,48.3,0.46900000000000003,12.3,0.5142857142857142,2022-12-30,1.0,0
0,108,88,0.39,0.29,10,20,46,0.38,25,401468696,2023-01-01,2023,20,196,1,114.2,119.6,-5.4,233.8,0.47800000000000004,0.39,11.6,25.0,44.8,0.488,7.8,116.6,110.8,5.8,227.4,0.472,0.384,13.3,22.8,47.3,0.476,12.3,0.5,2023-01-01,1.0,0
1,102,83,0.49,0.39,8,26,45,0.39,8,401468705,2023-01-02,2023,19,185,1,114.6,114.6,0.0,229.2,0.446,0.364,10.2,24.0,46.4,0.47400000000000003,11.8,116.2,109.7,6.5,225.9,0.466,0.39,12.6,22.9,46.4,0.4739999999999999,13.1,0.5135135135135135,2023-01-02,0.0,1
1,117,114,0.48,0.32,14,16,47,0.5,17,401468723,2023-01-05,2023,3,231,1,111.6,107.6,4.0,219.2,0.44399999999999995,0.35,9.8,24.6,46.0,0.45599999999999996,12.6,113.6,106.0,7.6,219.6,0.466,0.376,11.6,23.0,46.1,0.458,12.7,0.5263157894736842,2023-01-05,2.0,0
0,112,108,0.47,0.43,13,19,51,0.42,7,401468737,2023-01-07,2023,4,220,1,112.6,106.6,6.0,219.2,0.44399999999999995,0.33799999999999997,11.0,21.8,46.2,0.454,14.4,113.9,108.3,5.6,222.2,0.47400000000000003,0.369,11.8,22.7,45.8,0.461,12.4,0.5384615384615384,2023-01-07,1.0,0
1,107,111,0.38,0.27,7,16,48,0.44,14,401468762,2023-01-10,2023,-4,218,0,110.8,103.0,7.8,213.8,0.45,0.36,11.6,20.2,45.4,0.43999999999999995,14.0,114.2,108.5,5.7,222.7,0.4739999999999999,0.381,11.5,23.3,46.0,0.4600000000000001,11.6,0.55,2023-01-10,2.0,0
1,119,113,0.45,0.36,15,21,50,0.48,13,401468777,2023-01-12,2023,6,232,1,109.2,100.8,8.4,210.0,0.442,0.34,10.4,19.4,47.4,0.426,14.2,111.7,110.2,1.5,221.9,0.45999999999999996,0.365,11.0,22.2,46.1,0.45699999999999996,11.0,0.5365853658536586,2023-01-12,1.0,0
0,112,108,0.45,0.28,7,15,54,0.39,8,401468789,2023-01-14,2023,4,220,1,111.4,105.8,5.6,217.2,0.454,0.354,11.4,19.6,48.2,0.446,11.8,113.0,110.2,2.8,223.2,0.45,0.359,10.8,21.8,47.3,0.4600000000000001,11.8,0.5476190476190477,2023-01-14,1.0,0
0,117,104,0.45,0.4,8,17,52,0.45,12,401468803,2023-01-15,2023,13,221,1,113.4,110.8,2.6,224.2,0.446,0.33199999999999996,11.2,17.4,50.0,0.446,11.8,112.5,109.2,3.3,221.7,0.445,0.341,10.5,21.0,48.0,0.45099999999999996,12.2,0.5581395348837209,2023-01-15,0.0,1
1,121,123,0.42,0.29,12,17,54,0.4,6,401468814,2023-01-16,2023,-2,244,0,113.4,108.8,4.6,222.2,0.44000000000000006,0.34800000000000003,10.0,17.6,51.0,0.43599999999999994,10.8,113.0,107.7,5.3,220.7,0.442,0.343,10.5,19.7,48.6,0.445,12.6,0.5681818181818182,2023-01-16,0.0,1
1,105,116,0.42,0.27,9,14,49,0.44,14,401468824,2023-01-19,2023,-11,221,0,115.2,111.8,3.4,227.0,0.43,0.31999999999999995,9.8,17.2,51.6,0.43200000000000005,10.6,113.0,107.4,5.6,220.4,0.43999999999999995,0.34,10.7,18.7,48.5,0.43600000000000005,12.3,0.5555555555555556,2023-01-19,2.0,0
0,124,139,0.59,0.43,12,27,34,0.56,7,401468839,2023-01-21,2023,-15,263,0,114.8,112.8,2.0,227.6,0.438,0.32,10.2,16.8,51.8,0.43200000000000005,10.6,112.0,106.8,5.2,218.8,0.43999999999999995,0.33,10.3,18.1,49.6,0.429,12.4,0.5434782608695652,2023-01-21,1.0,0
0,116,125,0.49,0.44,17,30,47,0.46,8,401468855,2023-01-22,2023,-9,241,0,115.8,118.0,-2.2,233.8,0.466,0.33399999999999996,9.6,18.0,48.6,0.44800000000000006,9.4,113.6,111.9,1.7,225.5,0.45999999999999996,0.344,10.5,18.8,48.4,0.44700000000000006,10.6,0.5319148936170213,2023-01-22,0.0,1
1,105,103,0.49,0.52,17,25,42,0.46,12,401468870,2023-01-25,2023,2,208,1,116.6,121.4,-4.8,238.0,0.47400000000000003,0.366,11.6,21.0,47.2,0.462,9.4,115.0,116.1,-1.1,231.1,0.45999999999999996,0.349,11.4,19.2,48.6,0.454,10.6,0.5208333333333334,2023-01-25,2.0,0
0,120,117,0.46,0.34,10,17,50,0.41,13,401468885,2023-01-27,2023,3,237,1,114.2,121.2,-7.0,235.4,0.48200000000000004,0.39,13.4,22.6,45.2,0.4640000000000001,9.4,113.8,115.0,-1.2,228.8,0.46099999999999997,0.36900000000000005,11.7,20.1,48.1,0.45,10.1,0.5306122448979592,2023-01-27,1.0,0
0,115,122,0.51,0.36,11,19,45,0.53,9,401468897,2023-01-28,2023,-7,237,0,114.0,120.0,-6.0,234.0,0.49000000000000005,0.4,13.0,22.6,44.4,0.466,10.8,114.6,115.9,-1.3,230.5,0.45999999999999996,0.36,11.4,19.9,48.0,0.449,10.7,0.54,2023-01-28,0.0,1
1,123,129,0.45,0.21,9,27,45,0.52,14,401468920,2023-02-01,2023,-6,252,0,116.0,121.2,-5.2,237.2,0.508,0.41800000000000004,13.4,23.6,43.6,0.484,9.8,115.4,117.0,-1.6,232.4,0.473,0.369,11.8,20.2,47.7,0.458,10.2,0.5294117647058824,2023-02-01,3.0,0
1,106,104,0.48,0.33,18,25,44,0.45,11,401468935,2023-02-03,2023,2,210,1,115.8,119.2,-3.4,235.0,0.48,0.374,12.8,23.6,45.8,0.476,11.2,115.8,118.6,-2.8,234.4,0.473,0.354,11.2,20.8,47.2,0.462,10.3,0.5192307692307693,2023-02-03,1.0,0
1,128,134,0.48,0.45,10,30,46,0.48,13,401468950,2023-02-05,2023,-6,262,0,113.8,115.0,-1.2,228.8,0.47800000000000004,0.352,13.0,22.6,45.2,0.47400000000000003,11.8,115.2,118.2,-3.0,233.4,0.476,0.359,12.3,21.8,46.2,0.4680000000000001,10.6,0.5283018867924528,2023-02-05,1.0,0
1,108,97,0.43,0.33,12,21,49,0.41,12,401468959,2023-02-05,2023,11,205,1,118.4,121.2,-2.8,239.6,0.476,0.33799999999999997,11.6,23.6,46.0,0.47800000000000004,12.0,116.3,121.2,-4.9,237.5,0.479,0.364,12.5,23.1,45.6,0.471,10.7,0.5185185185185185,2023-02-05,0.0,1
0,102,98,0.46,0.35,11,21,43,0.47,11,401468971,2023-02-08,2023,4,200,1,116.0,117.2,-1.2,233.2,0.47000000000000003,0.33599999999999997,12.0,24.4,45.8,0.47800000000000004,11.8,115.0,118.6,-3.6,233.6,0.48,0.368,12.5,23.5,45.1,0.472,11.3,0.5272727272727272,2023-02-08,2.0,0
0,108,119,0.53,0.34,12,23,35,0.52,8,401468992,2023-02-11,2023,-11,227,0,113.4,112.4,1.0,225.8,0.45999999999999996,0.33399999999999996,12.0,24.8,45.4,0.466,12.2,114.7,116.8,-2.1,231.5,0.484,0.376,12.7,24.2,44.5,0.475,11.0,0.5357142857142857,2023-02-11,2.0,0
1,126,120,0.45,0.33,6,18,52,0.51,12,401469006,2023-02-12,2023,6,246,1,110.4,110.4,0.0,220.8,0.476,0.36,12.6,24.0,43.4,0.466,11.0,113.1,114.8,-1.7,227.9,0.47800000000000004,0.36700000000000005,12.7,23.8,44.6,0.471,11.1,0.5263157894736842,2023-02-12,0.0,1
1,124,106,0.55,0.44,8,18,38,0.45,10,401469017,2023-02-14,2023,18,230,1,114.4,113.6,0.8,228.0,0.47000000000000003,0.36,10.2,22.6,45.0,0.47800000000000004,11.2,114.1,114.3,-0.2,228.4,0.47400000000000003,0.35600000000000004,11.6,22.6,45.1,0.476,11.5,0.5344827586206896,2023-02-14,1.0,0
0,122,101,0.47,0.33,10,16,55,0.41,5,401469031,2023-02-16,2023,21,223,1,113.6,108.0,5.6,221.6,0.484,0.358,9.8,20.2,43.4,0.472,10.6,116.0,114.6,1.4,230.6,0.48,0.348,10.7,21.9,44.7,0.475,11.3,0.5423728813559322,2023-02-16,1.0,0
0,115,109,0.49,0.41,12,21,43,0.49,19,401469050,2023-02-25,2023,6,224,1,116.4,108.8,7.6,225.2,0.492,0.358,9.4,19.2,44.6,0.472,9.2,116.2,113.0,3.2,229.2,0.48100000000000004,0.347,10.7,21.8,45.2,0.475,10.5,0.55,2023-02-25,8.0,0
1,128,106,0.51,0.4,19,24,54,0.39,7,401469061,2023-02-26,2023,22,234,1,119.0,111.0,8.0,230.0,0.49800000000000005,0.37,9.6,19.2,44.6,0.476,10.8,116.2,111.7,4.5,227.9,0.479,0.352,10.8,22.0,45.0,0.471,11.5,0.5573770491803278,2023-02-26,0.0,1
1,109,94,0.47,0.39,15,20,44,0.44,12,401469076,2023-02-28,2023,15,203,1,123.0,108.4,14.6,231.4,0.49399999999999994,0.382,11.0,19.4,48.4,0.45,10.6,116.7,109.4,7.3,226.1,0.485,0.371,11.8,21.7,45.9,0.458,10.8,0.5645161290322581,2023-02-28,1.0,0
1,142,118,0.61,0.57,16,28,46,0.47,14,401469092,2023-03-02,2023,24,260,1,119.6,103.2,16.4,222.8,0.49799999999999994,0.394,12.8,19.8,46.8,0.43599999999999994,10.6,117.0,108.4,8.6,225.4,0.484,0.377,11.5,21.2,45.9,0.45699999999999996,10.9,0.5714285714285714,2023-03-02,1.0,0
0,122,120,0.58,0.41,12,23,34,0.48,12,401469104,2023-03-04,2023,2,242,1,123.2,105.6,17.6,228.8,0.51,0.42000000000000004,14.4,21.8,48.4,0.43999999999999995,11.4,118.4,106.8,11.6,225.2,0.497,0.38899999999999996,12.1,21.0,45.9,0.45599999999999996,11.0,0.578125,2023-03-04,1.0,0
0,131,129,0.49,0.37,20,18,54,0.39,16,401469124,2023-03-06,2023,2,260,1,123.2,109.4,13.8,232.6,0.532,0.43600000000000005,14.8,23.2,44.2,0.454,12.8,119.8,109.1,10.7,228.9,0.512,0.39699999999999996,12.1,21.2,44.4,0.46299999999999997,11.0,0.5846153846153846,2023-03-06,1.0,0
1,105,112,0.43,0.28,8,18,39,0.49,12,401469134,2023-03-08,2023,-7,217,0,126.4,113.4,13.0,239.8,0.532,0.42800000000000005,16.4,22.6,46.4,0.434,12.2,122.7,112.2,10.5,234.9,0.515,0.399,13.0,20.9,45.5,0.45499999999999996,11.5,0.5909090909090909,2023-03-08,1.0,0
0,117,122,0.42,0.26,14,27,58,0.52,12,401469152,2023-03-10,2023,-5,239,0,121.8,114.6,7.2,236.4,0.516,0.404,14.2,21.4,43.4,0.454,13.2,122.4,111.5,10.9,233.9,0.505,0.39299999999999996,12.6,20.4,45.9,0.45199999999999996,11.9,0.582089552238806,2023-03-10,1.0,0
0,95,106,0.36,0.23,10,21,54,0.48,10,401469159,2023-03-11,2023,-11,201,0,123.4,120.2,3.2,243.6,0.506,0.378,14.0,22.8,46.2,0.4699999999999999,13.2,121.5,111.7,9.8,233.2,0.502,0.386,13.4,21.3,46.5,0.45299999999999996,11.9,0.5735294117647058,2023-03-11,0.0,1
0,112,108,0.48,0.3,11,18,46,0.48,11,401469174,2023-03-13,2023,4,220,1,114.0,117.8,-3.8,231.8,0.45600000000000007,0.31,12.8,21.4,47.8,0.472,12.4,118.6,111.7,6.9,230.3,0.483,0.365,13.6,21.6,48.1,0.45599999999999996,11.9,0.5652173913043478,2023-03-13,1.0,0
0,123,107,0.52,0.43,13,23,52,0.38,12,401469189,2023-03-15,2023,16,230,1,112.0,115.4,-3.4,227.4,0.43599999999999994,0.288,12.6,20.4,50.2,0.472,12.2,117.6,112.4,5.2,230.0,0.484,0.362,13.7,21.8,47.2,0.4630000000000001,12.5,0.5714285714285714,2023-03-15,1.0,0
1,116,110,0.49,0.28,12,23,43,0.51,13,401469210,2023-03-18,2023,6,226,1,110.4,111.0,-0.6,221.4,0.442,0.3,11.2,21.4,49.8,0.47000000000000003,11.4,118.4,112.2,6.2,230.6,0.487,0.364,13.8,22.0,48.1,0.45200000000000007,11.8,0.5774647887323944,2023-03-18,2.0,0
1,134,140,0.56,0.5,17,26,34,0.61,15,401469228,2023-03-20,2023,-6,274,0,112.6,110.6,2.0,223.2,0.454,0.3,12.0,22.4,50.6,0.47400000000000003,11.6,117.2,112.6,4.6,229.8,0.485,0.352,13.1,21.9,47.0,0.46399999999999997,12.4,0.5833333333333334,2023-03-20,1.0,0
0,120,127,0.51,0.4,17,29,42,0.57,10,401469239,2023-03-22,2023,-7,247,0,116.0,114.2,1.8,230.2,0.48200000000000004,0.348,12.6,22.2,45.8,0.492,12.2,119.7,117.2,2.5,236.9,0.49399999999999994,0.363,13.3,22.5,46.0,0.48100000000000004,12.7,0.5753424657534246,2023-03-22,1.0,0
0,106,111,0.42,0.3,13,26,44,0.46,16,401469248,2023-03-23,2023,-5,217,0,121.0,118.4,2.6,239.4,0.5119999999999999,0.382,14.0,23.8,43.4,0.51,12.2,117.5,118.1,-0.6,235.6,0.484,0.346,13.4,22.6,45.6,0.491,12.3,0.5675675675675675,2023-03-23,0.0,1
1,137,115,0.58,0.44,11,35,39,0.48,14,401469279,2023-03-27,2023,22,252,1,119.8,119.0,0.8,238.8,0.5000000000000001,0.382,14.4,25.4,43.0,0.506,13.2,115.9,117.2,-1.3,233.1,0.4680000000000001,0.335,13.5,22.9,46.6,0.489,12.7,0.56,2023-03-27,3.0,0
1,101,92,0.5,0.42,16,22,47,0.44,11,401469293,2023-03-29,2023,9,193,1,122.6,120.6,2.0,243.2,0.512,0.384,14.0,27.8,40.4,0.526,13.6,116.5,115.8,0.7,232.3,0.477,0.34199999999999997,12.6,24.6,45.1,0.49800000000000005,12.5,0.5657894736842105,2023-03-29,1.0,0
0,130,116,0.53,0.47,10,24,48,0.51,10,401469309,2023-03-31,2023,14,246,1,119.6,117.0,2.6,236.6,0.514,0.41200000000000003,14.8,27.6,41.2,0.5119999999999999,13.2,116.1,113.8,2.3,229.9,0.484,0.356,13.4,25.0,45.9,0.493,12.4,0.5714285714285714,2023-03-31,1.0,0
1,118,109,0.52,0.41,12,31,39,0.49,19,401469323,2023-04-02,2023,9,227,1,118.8,112.2,6.6,231.0,0.508,0.40599999999999997,13.4,27.2,44.0,0.492,12.2,117.4,113.2,4.2,230.6,0.495,0.377,13.0,24.7,44.9,0.492,12.2,0.5769230769230769,2023-04-02,1.0,0
0,138,129,0.52,0.39,18,34,52,0.52,17,401469345,2023-04-05,2023,9,267,1,118.4,108.6,9.8,227.0,0.51,0.40800000000000003,12.4,27.6,43.4,0.476,14.0,119.7,113.5,6.2,233.2,0.511,0.395,13.2,25.7,43.4,0.493,13.1,0.5822784810126582,2023-04-05,2.0,0
0,105,113,0.43,0.33,10,19,37,0.53,12,401469364,2023-04-08,2023,-8,218,0,124.8,112.2,12.6,237.0,0.53,0.426,13.4,29.2,45.0,0.488,14.2,122.3,115.6,6.7,237.9,0.515,0.404,13.9,27.3,44.0,0.497,13.7,0.5875,2023-04-08,2.0,0
1,136,141,0.48,0.38,15,29,53,0.52,15,401469375,2023-04-09,2023,-5,277,0,118.4,111.8,6.6,230.2,0.5,0.404,13.2,26.0,44.6,0.49800000000000005,13.8,120.5,116.2,4.3,236.7,0.506,0.394,13.6,26.9,42.5,0.5119999999999999,13.7,0.5802469135802469,2023-04-09,0.0,1
1,104,108,0.37,0.44,11,24,47,0.48,13,401584693,2023-10-25,2024,-4,212,0,125.4,121.6,3.8,247.0,0.496,0.396,13.0,27.4,45.8,0.514,14.6,122.5,119.3,3.2,241.8,0.505,0.404,13.9,27.5,43.5,0.513,13.9,0.573170731707317,2023-10-25,10.0,0
0,126,120,0.48,0.45,16,30,45,0.48,14,401584707,2023-10-27,2024,6,246,1,120.2,120.0,0.2,240.2,0.46399999999999997,0.39,13.2,27.4,45.6,0.508,15.2,119.5,116.1,3.4,235.6,0.48600000000000004,0.398,13.3,27.3,44.8,0.5,13.7,0.5662650602409639,2023-10-27,1.0,0
0,87,96,0.37,0.19,19,19,59,0.46,13,401584718,2023-10-28,2024,-9,183,0,121.8,122.2,-0.4,244.0,0.45599999999999996,0.398,14.0,27.2,46.8,0.506,14.2,120.1,115.4,4.7,235.5,0.48299999999999993,0.403,13.2,27.4,45.1,0.491,14.1,0.5714285714285714,2023-10-28,0.0,1
0,109,91,0.44,0.38,14,18,48,0.39,15,401584740,2023-10-31,2024,18,200,1,111.6,115.6,-4.0,227.2,0.426,0.358,14.2,24.2,48.2,0.49400000000000005,13.4,118.2,113.9,4.3,232.1,0.4779999999999999,0.392,13.8,26.7,46.6,0.491,13.8,0.5647058823529412,2023-10-31,2.0,0
1,89,95,0.35,0.17,14,18,50,0.43,18,401584748,2023-11-01,2024,-6,184,0,112.4,111.2,1.2,223.6,0.42800000000000005,0.368,15.0,24.0,50.4,0.466,14.0,115.4,111.5,3.9,226.9,0.46399999999999997,0.386,14.1,25.0,47.5,0.48199999999999993,13.9,0.5697674418604651,2023-11-01,0.0,1
0,105,110,0.4,0.26,11,18,56,0.43,14,401584090,2023-11-03,2024,-5,215,0,103.0,102.0,1.0,205.0,0.40199999999999997,0.32599999999999996,14.8,21.8,49.8,0.44800000000000006,14.6,114.2,111.8,2.4,226.0,0.449,0.36100000000000004,13.9,24.6,47.8,0.48100000000000004,14.6,0.5632183908045977,2023-11-03,1.0,0
1,111,97,0.47,0.39,20,28,48,0.49,22,401584779,2023-11-07,2024,14,208,1,103.2,102.4,0.8,205.6,0.40800000000000003,0.29,14.8,20.6,51.6,0.438,14.8,111.7,111.2,0.5,222.9,0.43600000000000005,0.33999999999999997,14.0,24.0,48.6,0.47300000000000003,15.0,0.5568181818181818,2023-11-07,3.0,0
1,126,105,0.46,0.45,4,28,47,0.49,13,401584789,2023-11-09,2024,21,231,1,100.2,97.8,2.4,198.0,0.40599999999999997,0.278,15.6,20.2,52.2,0.44000000000000006,16.4,111.0,110.0,1.0,221.0,0.43099999999999994,0.338,14.8,23.7,49.5,0.47300000000000003,15.3,0.5617977528089888,2023-11-09,1.0,0
1,129,107,0.54,0.42,9,25,40,0.47,12,401584805,2023-11-12,2024,22,236,1,108.0,99.6,8.4,207.6,0.42400000000000004,0.33,12.6,22.0,49.8,0.446,16.4,109.8,107.6,2.2,217.4,0.425,0.34400000000000003,13.4,23.1,49.0,0.47000000000000003,14.9,0.5666666666666667,2023-11-12,2.0,0
0,98,114,0.42,0.43,12,17,37,0.51,11,401584816,2023-11-14,2024,-16,212,0,112.0,102.8,9.2,214.8,0.44400000000000006,0.33799999999999997,11.6,23.4,48.2,0.462,15.8,112.2,107.0,5.2,219.2,0.43600000000000005,0.35300000000000004,13.3,23.7,49.3,0.46399999999999997,14.9,0.5714285714285714,2023-11-14,1.0,0
0,116,114,0.48,0.47,17,29,42,0.55,15,401584821,2023-11-16,2024,2,230,1,113.8,106.6,7.2,220.4,0.458,0.39,11.2,23.2,45.6,0.4779999999999999,14.4,108.4,104.3,4.1,212.7,0.43,0.358,13.0,22.5,47.7,0.46299999999999997,14.5,0.5652173913043478,2023-11-16,1.0,0
0,120,99,0.49,0.42,11,26,48,0.45,14,401584116,2023-11-18,2024,21,219,1,116.0,107.4,8.6,223.4,0.47400000000000003,0.43200000000000005,12.4,25.4,42.8,0.502,14.6,109.6,104.9,4.7,214.5,0.441,0.361,13.6,23.0,47.2,0.47000000000000003,14.7,0.5698924731182796,2023-11-18,1.0,0
0,122,108,0.51,0.43,12,27,47,0.49,13,401584830,2023-11-18,2024,14,230,1,117.8,107.8,10.0,225.6,0.47800000000000004,0.438,10.6,25.0,42.8,0.49399999999999994,13.0,109.0,102.8,6.2,211.8,0.442,0.358,13.1,22.6,47.5,0.46699999999999997,14.7,0.574468085106383,2023-11-18,0.0,1
0,100,117,0.35,0.24,10,16,50,0.51,14,401584849,2023-11-21,2024,-17,217,0,117.0,108.4,8.6,225.4,0.488,0.434,12.2,24.8,42.8,0.49400000000000005,13.0,112.5,104.0,8.5,216.5,0.45599999999999996,0.382,12.4,23.4,46.3,0.47000000000000003,14.7,0.5789473684210527,2023-11-21,2.0,0
1,100,98,0.48,0.34,19,21,46,0.39,11,401584133,2023-11-25,2024,2,198,1,111.2,110.4,0.8,221.6,0.45,0.398,12.4,23.0,44.8,0.502,13.4,111.6,106.6,5.0,218.2,0.44700000000000006,0.368,12.0,23.2,46.5,0.48200000000000004,14.6,0.5729166666666666,2023-11-25,3.0,0
1,113,116,0.45,0.41,8,18,38,0.46,13,401584875,2023-11-26,2024,-3,229,0,111.6,107.2,4.4,218.8,0.462,0.38,13.8,23.8,46.6,0.47800000000000004,13.4,112.7,106.9,5.8,219.6,0.45999999999999996,0.38499999999999995,12.5,23.5,46.1,0.4779999999999999,13.9,0.5773195876288659,2023-11-26,0.0,1
1,115,91,0.47,0.39,16,21,54,0.42,17,401584145,2023-11-29,2024,24,206,1,111.0,107.6,3.4,218.6,0.45599999999999996,0.368,12.0,21.6,45.8,0.45999999999999996,13.0,113.5,107.5,6.0,221.0,0.465,0.4,12.2,23.5,44.3,0.481,13.8,0.5714285714285714,2023-11-29,2.0,0
1,118,112,0.47,0.39,11,25,41,0.53,20,401584896,2023-12-01,2024,6,230,1,110.0,106.0,4.0,216.0,0.45199999999999996,0.362,13.0,20.6,47.0,0.454,13.6,113.9,106.9,7.0,220.8,0.46499999999999997,0.4,11.8,22.8,44.9,0.47400000000000003,13.3,0.5757575757575758,2023-12-01,1.0,0
0,119,106,0.5,0.44,13,30,43,0.44,12,401584904,2023-12-02,2024,13,225,1,109.2,106.8,2.4,216.0,0.44399999999999995,0.354,12.8,20.2,45.8,0.462,15.0,113.1,107.6,5.5,220.7,0.4659999999999999,0.394,12.5,22.5,44.3,0.4779999999999999,14.0,0.58,2023-12-02,0.0,1
0,122,146,0.49,0.3,17,27,36,0.6,12,401607489,2023-12-06,2024,-24,268,0,113.0,104.6,8.4,217.6,0.47400000000000003,0.394,13.4,23.0,44.4,0.44800000000000006,14.6,112.1,107.5,4.6,219.6,0.4619999999999999,0.396,12.9,23.0,44.6,0.475,14.0,0.5841584158415841,2023-12-06,3.0,0
0,123,133,0.5,0.41,14,28,44,0.53,8,401617579,2023-12-09,2024,-10,256,0,117.4,114.2,3.2,231.6,0.476,0.386,13.0,24.2,42.4,0.49000000000000005,14.8,114.5,110.7,3.8,225.2,0.469,0.383,13.4,24.0,44.5,0.484,14.1,0.5784313725490197,2023-12-09,2.0,0
1,136,130,0.6,0.59,15,36,42,0.49,10,401584925,2023-12-12,2024,6,266,1,119.4,117.6,1.8,237.0,0.48599999999999993,0.386,14.2,26.2,43.6,0.504,13.8,115.2,112.6,2.6,227.8,0.471,0.377,13.1,23.9,44.7,0.48200000000000004,13.4,0.5728155339805825,2023-12-12,2.0,0
0,113,117,0.44,0.23,11,21,46,0.44,16,401584946,2023-12-14,2024,-4,230,0,123.6,125.4,-1.8,249.0,0.512,0.426,14.0,29.2,41.2,0.518,12.4,116.8,115.7,1.1,232.5,0.48200000000000004,0.394,13.5,24.9,44.1,0.48600000000000004,13.0,0.5769230769230769,2023-12-14,1.0,0
0,139,122,0.6,0.59,11,28,38,0.52,12,401584961,2023-12-16,2024,17,261,1,122.6,126.4,-3.8,249.0,0.506,0.394,14.0,28.4,42.2,0.5,11.6,115.9,116.6,-0.7,232.5,0.475,0.374,13.4,24.3,44.0,0.481,13.3,0.5714285714285714,2023-12-16,1.0,0
0,122,144,0.47,0.31,10,20,39,0.57,9,401584971,2023-12-17,2024,-22,266,0,126.6,129.6,-3.0,256.2,0.526,0.42400000000000004,13.6,28.0,41.2,0.516,11.6,119.8,117.1,2.7,236.9,0.5,0.409,13.5,25.5,42.8,0.48200000000000004,13.1,0.5754716981132075,2023-12-17,0.0,1
0,114,109,0.48,0.33,16,21,52,0.42,10,401584987,2023-12-19,2024,5,223,1,126.6,129.2,-2.6,255.8,0.522,0.426,12.2,26.6,41.8,0.51,11.0,122.0,121.7,0.3,243.7,0.499,0.406,12.6,25.4,42.1,0.5,12.9,0.5700934579439252,2023-12-19,1.0,0
0,121,102,0.46,0.39,11,24,54,0.37,11,401584996,2023-12-21,2024,19,223,1,124.8,124.4,0.4,249.2,0.518,0.41,12.6,25.2,43.4,0.4879999999999999,11.4,122.1,121.0,1.1,243.1,0.502,0.398,13.4,25.7,43.5,0.496,12.6,0.5740740740740741,2023-12-21,1.0,0
1,111,130,0.44,0.31,11,17,41,0.53,14,401585016,2023-12-23,2024,-19,241,0,121.8,118.8,3.0,240.6,0.48999999999999994,0.37,11.8,22.8,45.8,0.46399999999999997,11.6,122.7,122.1,0.6,244.8,0.501,0.398,12.9,26.0,43.5,0.49099999999999994,12.0,0.5779816513761468,2023-12-23,1.0,0
1,129,122,0.54,0.31,12,27,41,0.47,11,401585029,2023-12-25,2024,7,251,1,121.4,121.4,0.0,242.8,0.48999999999999994,0.386,11.8,22.0,44.8,0.48200000000000004,11.2,122.0,123.9,-1.9,245.9,0.49800000000000005,0.39,12.9,25.2,43.5,0.491,11.4,0.5727272727272728,2023-12-25,1.0,0
0,120,129,0.5,0.41,18,24,40,0.54,4,401585047,2023-12-28,2024,-9,249,0,119.4,121.4,-2.0,240.8,0.47800000000000004,0.32999999999999996,12.0,21.8,45.4,0.472,11.0,123.0,125.5,-2.5,248.5,0.502,0.37699999999999995,12.8,24.9,43.3,0.49399999999999994,11.3,0.5765765765765766,2023-12-28,2.0,0
0,108,117,0.44,0.2,16,22,40,0.45,15,401585057,2023-12-30,2024,-9,225,0,119.0,118.4,0.6,237.4,0.484,0.35,13.6,22.6,45.6,0.466,10.0,122.8,123.8,-1.0,246.6,0.503,0.388,12.9,24.6,43.7,0.488,10.5,0.5714285714285714,2023-12-30,1.0,0
0,126,140,0.47,0.46,14,24,42,0.59,16,401585069,2023-12-31,2024,-14,266,0,117.8,120.0,-2.2,237.8,0.476,0.32399999999999995,13.6,22.8,43.2,0.472,11.0,121.3,122.2,-0.9,243.5,0.497,0.367,13.1,24.0,43.3,0.48,11.2,0.5663716814159292,2023-12-31,0.0,1
1,112,106,0.44,0.35,15,23,49,0.47,14,401585079,2024-01-01,2024,6,218,1,118.8,127.6,-8.8,246.4,0.47800000000000004,0.33799999999999997,14.2,22.8,40.8,0.516,12.0,120.3,123.2,-2.9,243.5,0.484,0.354,13.0,22.8,43.3,0.48999999999999994,11.8,0.5614035087719298,2024-01-01,0.0,1
1,116,100,0.52,0.39,16,29,52,0.42,11,401585096,2024-01-04,2024,16,216,1,119.0,122.8,-3.8,241.8,0.47800000000000004,0.346,15.0,24.0,42.4,0.5039999999999999,12.0,120.2,122.1,-1.9,242.3,0.484,0.366,13.4,23.0,43.6,0.493,11.6,0.5652173913043478,2024-01-04,2.0,0
0,128,92,0.48,0.44,13,27,49,0.41,14,401585111,2024-01-06,2024,36,220,1,116.4,118.4,-2.0,234.8,0.47400000000000003,0.362,15.8,24.4,44.6,0.49400000000000005,12.0,117.9,119.9,-2.0,237.8,0.4760000000000001,0.346,13.9,23.1,45.0,0.483,11.5,0.5689655172413793,2024-01-06,1.0,0
0,121,105,0.49,0.39,14,27,45,0.47,20,401585122,2024-01-07,2024,16,226,1,118.0,111.0,7.0,229.0,0.47000000000000003,0.368,14.8,25.0,46.4,0.46799999999999997,14.0,118.5,114.7,3.8,233.2,0.477,0.359,14.2,23.8,46.0,0.46699999999999997,12.0,0.5726495726495726,2024-01-07,0.0,1
1,112,84,0.42,0.38,15,26,55,0.38,15,401585142,2024-01-10,2024,28,196,1,120.6,108.6,12.0,229.2,0.48,0.406,14.4,26.0,47.4,0.472,15.0,119.2,114.3,4.9,233.5,0.47800000000000004,0.365,14.0,24.4,45.3,0.4720000000000001,13.0,0.576271186440678,2024-01-10,2.0,0
0,124,128,0.49,0.33,16,27,45,0.5,10,401585158,2024-01-12,2024,-4,252,0,117.8,97.4,20.4,215.2,0.47000000000000003,0.39,14.6,26.4,50.0,0.43,14.8,118.3,112.5,5.8,230.8,0.47400000000000003,0.364,14.4,24.6,45.4,0.47300000000000003,13.4,0.5798319327731093,2024-01-12,1.0,0
0,106,94,0.48,0.34,23,25,56,0.41,12,401585172,2024-01-14,2024,12,200,1,120.2,101.8,18.4,222.0,0.48,0.386,14.8,27.2,49.2,0.43599999999999994,14.0,119.6,112.3,7.3,231.9,0.479,0.366,14.9,25.6,45.8,0.47000000000000003,13.0,0.575,2024-01-14,1.0,0
1,94,98,0.4,0.32,10,20,41,0.45,8,401585185,2024-01-15,2024,-4,192,0,118.2,100.6,17.6,218.8,0.472,0.376,16.2,26.4,50.0,0.434,14.2,117.3,109.5,7.8,226.8,0.473,0.369,16.0,25.4,47.3,0.4640000000000001,13.1,0.5785123966942148,2024-01-15,0.0,1
1,109,94,0.45,0.35,15,24,51,0.42,10,401585201,2024-01-18,2024,15,203,1,111.4,101.8,9.6,213.2,0.45599999999999996,0.352,15.6,25.0,48.4,0.442,13.0,114.7,106.4,8.3,221.1,0.46299999999999997,0.36,15.2,25.0,47.4,0.45499999999999996,13.5,0.5737704918032787,2024-01-18,2.0,0
1,113,109,0.45,0.34,17,22,47,0.46,12,401585207,2024-01-19,2024,4,222,1,109.0,99.6,9.4,208.6,0.44800000000000006,0.344,15.8,24.4,49.6,0.43200000000000005,11.0,114.8,104.1,10.7,218.9,0.4640000000000001,0.375,15.1,25.2,48.5,0.45199999999999996,13.0,0.5772357723577236,2024-01-19,0.0,1
1,126,100,0.55,0.36,22,27,61,0.41,10,401585224,2024-01-21,2024,26,226,1,109.2,104.6,4.6,213.8,0.454,0.33599999999999997,16.2,23.6,48.0,0.44800000000000006,10.4,113.5,101.0,12.5,214.5,0.462,0.363,15.4,25.0,49.0,0.43900000000000006,12.6,0.5806451612903226,2024-01-21,1.0,0
0,108,103,0.47,0.34,14,21,42,0.44,13,401585243,2024-01-24,2024,5,211,1,109.6,99.0,10.6,208.6,0.466,0.34199999999999997,17.4,23.6,51.2,0.43,10.4,114.9,100.4,14.5,215.3,0.47300000000000003,0.364,16.1,25.4,50.2,0.433,12.2,0.584,2024-01-24,2.0,0
1,122,84,0.53,0.39,10,26,44,0.4,19,401585259,2024-01-26,2024,38,206,1,110.0,100.8,9.2,210.8,0.4640000000000001,0.34199999999999997,15.6,22.8,48.4,0.43600000000000005,10.6,114.1,100.7,13.4,214.8,0.46799999999999997,0.35900000000000004,15.9,24.6,49.2,0.43499999999999994,12.4,0.5873015873015873,2024-01-26,1.0,0
1,125,109,0.52,0.52,7,25,46,0.47,8,401585271,2024-01-27,2024,16,234,1,115.6,98.0,17.6,213.6,0.49000000000000005,0.356,15.6,24.0,49.0,0.426,12.8,113.5,99.9,13.6,213.4,0.47300000000000003,0.35400000000000004,15.6,24.5,48.7,0.434,12.9,0.5905511811023622,2024-01-27,0.0,1
0,113,92,0.52,0.32,9,25,42,0.46,14,401585285,2024-01-30,2024,21,205,1,118.8,101.0,17.8,219.8,0.5039999999999999,0.39,14.0,24.2,48.0,0.43599999999999994,12.4,113.9,100.3,13.6,214.2,0.476,0.367,14.9,24.3,48.8,0.434,11.7,0.59375,2024-01-30,2.0,0
1,118,103,0.47,0.38,6,29,45,0.45,15,401585299,2024-01-31,2024,15,221,1,118.8,97.6,21.2,216.4,0.518,0.386,12.4,24.8,47.0,0.43600000000000005,12.8,114.0,101.1,12.9,215.1,0.48600000000000004,0.36100000000000004,14.3,24.2,47.5,0.442,11.6,0.5968992248062015,2024-01-31,0.0,1
1,109,105,0.4,0.21,10,15,60,0.45,13,401585313,2024-02-02,2024,4,214,1,117.2,98.2,19.0,215.4,0.502,0.39,9.2,25.2,43.8,0.44400000000000006,13.8,113.4,98.6,14.8,212.0,0.484,0.366,13.3,24.4,47.5,0.437,12.1,0.6,2024-02-02,1.0,0
1,105,113,0.41,0.29,7,21,51,0.49,5,401585329,2024-02-04,2024,-8,218,0,117.4,98.6,18.8,216.0,0.488,0.364,8.4,24.0,47.4,0.446,13.8,113.7,99.7,14.0,213.4,0.4760000000000001,0.353,12.0,23.4,47.9,0.441,12.2,0.6030534351145038,2024-02-04,1.0,0
1,123,113,0.56,0.41,10,28,37,0.51,18,401585350,2024-02-07,2024,10,236,1,114.0,104.4,9.6,218.4,0.46399999999999997,0.344,7.8,23.0,48.8,0.46399999999999997,11.0,114.8,101.2,13.6,216.0,0.477,0.35,11.7,23.5,48.9,0.445,11.9,0.5984848484848485,2024-02-07,2.0,0
1,108,122,0.45,0.38,14,27,46,0.52,9,401585364,2024-02-09,2024,-14,230,0,113.6,105.2,8.4,218.8,0.4720000000000001,0.32199999999999995,8.4,23.6,47.0,0.4720000000000001,13.0,116.2,103.1,13.1,219.3,0.488,0.356,11.2,23.9,47.5,0.454,12.7,0.6015037593984962,2024-02-09,1.0,0
1,111,125,0.48,0.31,9,16,32,0.61,16,401585383,2024-02-11,2024,-14,236,0,112.6,111.2,1.4,223.8,0.458,0.33399999999999996,9.4,24.0,47.8,0.484,12.0,115.7,104.4,11.3,220.1,0.488,0.36,10.9,24.4,47.4,0.45999999999999996,12.4,0.5970149253731343,2024-02-11,1.0,0
0,103,105,0.46,0.33,17,19,51,0.45,12,401585393,2024-02-13,2024,-2,208,0,111.2,115.6,-4.4,226.8,0.4600000000000001,0.32,10.0,21.4,45.2,0.516,12.2,114.2,106.9,7.3,221.1,0.481,0.35500000000000004,9.6,23.3,44.5,0.48,13.0,0.5925925925925926,2024-02-13,1.0,0
0,100,118,0.42,0.38,12,15,34,0.63,12,401585406,2024-02-15,2024,-18,218,0,110.0,115.6,-5.6,225.6,0.4720000000000001,0.344,11.4,22.2,43.4,0.516,12.0,113.7,107.1,6.6,220.8,0.48,0.354,9.9,23.1,45.4,0.48100000000000004,12.9,0.5882352941176471,2024-02-15,1.0,0
0,110,96,0.48,0.44,18,24,45,0.44,18,401585422,2024-02-23,2024,14,206,1,109.0,116.6,-7.6,225.6,0.47400000000000003,0.362,12.4,21.0,40.0,0.5439999999999999,13.4,111.5,110.5,1.0,222.0,0.469,0.353,10.1,22.0,44.4,0.504,12.2,0.583941605839416,2024-02-23,7.0,0
1,102,116,0.45,0.34,14,21,39,0.57,7,401585444,2024-02-25,2024,-14,218,0,106.4,113.2,-6.8,219.6,0.458,0.368,14.0,20.2,41.6,0.53,13.4,110.0,109.2,0.8,219.2,0.465,0.345,11.2,21.9,44.3,0.5010000000000001,13.2,0.5869565217391305,2024-02-25,1.0,0
1,113,111,0.45,0.38,14,31,44,0.48,17,401585456,2024-02-27,2024,2,224,1,105.2,112.0,-6.8,217.2,0.458,0.36,14.0,19.0,40.2,0.5399999999999999,13.0,108.9,111.6,-2.7,220.5,0.458,0.347,11.7,21.5,44.0,0.512,12.5,0.5827338129496403,2024-02-27,1.0,0
1,92,115,0.37,0.3,13,27,38,0.51,15,401585465,2024-02-28,2024,-23,207,0,105.6,109.2,-3.6,214.8,0.45200000000000007,0.374,15.0,22.0,42.6,0.514,13.2,108.4,112.4,-4.0,220.8,0.45600000000000007,0.34700000000000003,12.5,21.7,43.9,0.515,12.7,0.5857142857142857,2024-02-28,0.0,1
1,99,110,0.37,0.31,13,23,56,0.45,11,401585480,2024-03-01,2024,-11,209,0,103.4,111.2,-7.8,214.6,0.434,0.368,14.2,23.6,40.0,0.526,13.8,106.7,113.4,-6.7,220.1,0.45299999999999996,0.356,12.8,22.9,41.7,0.521,12.9,0.5815602836879432,2024-03-01,1.0,0
0,107,98,0.49,0.41,12,32,47,0.45,11,401585504,2024-03-04,2024,9,205,1,103.2,109.6,-6.4,212.8,0.42400000000000004,0.354,14.4,25.2,44.4,0.49000000000000005,13.6,106.1,113.1,-7.0,219.2,0.449,0.358,13.4,23.1,42.2,0.517,13.5,0.5774647887323944,2024-03-04,2.0,0
1,100,116,0.38,0.31,12,27,40,0.51,16,401585517,2024-03-06,2024,-16,216,0,102.6,110.0,-7.4,212.6,0.426,0.348,13.2,26.8,44.8,0.492,12.2,104.5,111.6,-7.1,216.1,0.442,0.358,13.6,23.5,43.2,0.511,12.8,0.5804195804195804,2024-03-06,1.0,0
1,98,74,0.48,0.48,16,20,43,0.34,14,401585540,2024-03-09,2024,24,172,1,102.2,110.0,-7.8,212.2,0.41200000000000003,0.34199999999999997,12.8,28.0,45.0,0.48,14.0,103.7,111.0,-7.3,214.7,0.43499999999999994,0.351,13.4,23.5,42.6,0.51,13.5,0.5763888888888888,2024-03-09,2.0,0
1,73,79,0.33,0.22,21,19,50,0.39,15,401585555,2024-03-10,2024,-6,152,0,99.2,102.6,-3.4,201.8,0.418,0.362,13.2,25.8,44.8,0.45200000000000007,13.4,102.4,105.9,-3.5,208.3,0.43499999999999994,0.368,14.1,23.9,43.7,0.483,13.3,0.5793103448275863,2024-03-10,0.0,1
1,106,79,0.51,0.35,13,32,51,0.38,8,401585567,2024-03-12,2024,27,185,1,95.4,95.4,0.0,190.8,0.41,0.346,14.8,24.2,47.2,0.42800000000000005,13.4,99.4,103.3,-3.9,202.7,0.422,0.357,14.5,23.9,43.6,0.477,13.6,0.5753424657534246,2024-03-12,1.0,0
0,105,93,0.44,0.21,15,16,50,0.4,18,401585588,2024-03-15,2024,12,198,1,96.8,89.2,7.6,186.0,0.438,0.354,14.8,26.0,46.2,0.41400000000000003,12.8,100.0,99.4,0.6,199.4,0.43099999999999994,0.354,14.6,25.6,45.3,0.45200000000000007,13.2,0.5782312925170068,2024-03-15,2.0,0
0,98,91,0.43,0.28,16,19,52,0.35,12,401585603,2024-03-17,2024,7,189,1,96.4,88.2,8.2,184.6,0.42800000000000005,0.314,15.4,22.8,46.8,0.404,14.2,99.5,99.1,0.4,198.6,0.42699999999999994,0.331,14.3,24.8,45.8,0.44799999999999995,13.2,0.581081081081081,2024-03-17,1.0,0
0,119,112,0.48,0.38,13,29,44,0.48,13,401585616,2024-03-19,2024,7,231,1,96.0,83.2,12.8,179.2,0.438,0.308,16.2,21.2,49.2,0.372,13.4,99.1,96.6,2.5,195.7,0.425,0.325,14.5,24.6,47.1,0.42600000000000005,13.7,0.5838926174496645,2024-03-19,1.0,0
0,100,113,0.48,0.35,10,28,31,0.54,10,401585637,2024-03-22,2024,-13,213,0,100.2,90.8,9.4,191.0,0.438,0.288,15.6,23.0,49.4,0.4,13.2,99.7,96.7,3.0,196.4,0.42800000000000005,0.325,14.4,24.4,47.1,0.426,13.3,0.5866666666666667,2024-03-22,2.0,0
1,105,93,0.43,0.38,10,25,47,0.45,15,401585647,2024-03-23,2024,12,198,1,105.6,97.6,8.0,203.2,0.46799999999999997,0.31399999999999995,13.4,24.8,45.6,0.43,12.2,100.5,96.5,4.0,197.0,0.43899999999999995,0.32999999999999996,14.1,24.5,46.4,0.429,12.8,0.5827814569536424,2024-03-23,0.0,1
1,124,99,0.51,0.41,14,30,52,0.39,12,401585663,2024-03-25,2024,25,223,1,105.4,100.4,5.0,205.8,0.45200000000000007,0.31999999999999995,12.8,23.4,44.8,0.44400000000000006,13.6,101.1,94.8,6.3,195.9,0.445,0.337,13.8,24.7,45.5,0.429,13.2,0.5855263157894737,2024-03-25,1.0,0
0,145,101,0.59,0.5,11,37,42,0.46,18,401585681,2024-03-27,2024,44,246,1,109.2,101.6,7.6,210.8,0.466,0.36,12.6,26.2,45.2,0.442,12.4,102.8,94.9,7.9,197.7,0.44699999999999995,0.33699999999999997,14.0,24.5,46.0,0.42300000000000004,13.3,0.5882352941176471,2024-03-27,1.0,0
0,126,130,0.46,0.38,12,24,50,0.54,15,401585698,2024-03-30,2024,-4,256,0,118.6,103.6,15.0,222.2,0.49799999999999994,0.404,11.6,29.8,43.2,0.4640000000000001,13.6,107.3,93.4,13.9,200.7,0.46799999999999997,0.356,13.9,25.5,46.2,0.418,13.5,0.5909090909090909,2024-03-30,2.0,0
1,112,113,0.41,0.3,11,24,46,0.54,13,401585710,2024-03-31,2024,-1,225,0,120.0,107.2,12.8,227.2,0.49399999999999994,0.404,11.4,28.8,44.4,0.476,14.0,110.1,99.0,11.1,209.1,0.4659999999999999,0.346,13.5,25.9,46.9,0.438,13.6,0.5870967741935483,2024-03-31,0.0,1
0,99,109,0.46,0.35,14,25,30,0.49,18,401585724,2024-04-02,2024,-10,208,0,122.4,107.2,15.2,229.6,0.48,0.39399999999999996,11.6,28.0,47.4,0.476,14.6,114.0,102.4,11.6,216.4,0.4739999999999999,0.354,12.5,26.4,46.5,0.453,13.4,0.5833333333333334,2024-04-02,1.0,0
1,120,109,0.55,0.43,13,34,39,0.49,16,401585740,2024-04-04,2024,11,229,1,121.2,110.4,10.8,231.6,0.48600000000000004,0.388,12.4,28.0,44.0,0.484,15.2,113.3,105.4,7.9,218.7,0.469,0.354,12.6,25.7,44.4,0.4640000000000001,14.4,0.5796178343949044,2024-04-04,1.0,0
0,100,108,0.43,0.34,18,22,38,0.47,17,401585747,2024-04-06,2024,-8,208,0,120.4,112.4,8.0,232.8,0.49399999999999994,0.392,12.2,28.8,41.4,0.504,16.0,114.8,107.0,7.8,221.8,0.4800000000000001,0.376,12.4,27.5,43.3,0.473,14.2,0.5822784810126582,2024-04-06,1.0,0
0,122,109,0.49,0.48,7,25,41,0.47,14,401585767,2024-04-07,2024,13,231,1,111.4,113.8,-2.4,225.2,0.462,0.36,13.6,25.8,40.6,0.506,15.8,115.0,108.7,6.3,223.7,0.48,0.382,12.6,27.8,41.9,0.485,14.7,0.5786163522012578,2024-04-07,0.0,1
0,128,117,0.55,0.47,11,31,31,0.53,9,401585777,2024-04-10,2024,11,245,1,110.6,109.6,1.0,220.2,0.46799999999999997,0.38,12.6,26.0,38.8,0.492,15.6,115.3,108.4,6.9,223.7,0.48100000000000004,0.39199999999999996,12.0,27.4,41.6,0.484,14.8,0.58125,2024-04-10,2.0,0
0,118,109,0.49,0.39,15,24,52,0.47,12,401585795,2024-04-11,2024,9,227,1,113.8,110.4,3.4,224.2,0.496,0.414,12.6,27.4,35.8,0.49000000000000005,14.8,118.1,108.8,9.3,226.9,0.488,0.404,12.1,27.7,41.6,0.483,14.7,0.5838509316770186,2024-04-11,0.0,1
1,111,107,0.46,0.47,5,21,31,0.5,14,401585803,2024-04-12,2024,4,218,1,117.6,110.4,7.2,228.0,0.502,0.422,12.8,27.2,40.2,0.48599999999999993,13.6,119.4,110.4,9.0,229.8,0.49399999999999994,0.40499999999999997,12.6,27.6,42.1,0.48500000000000004,14.4,0.5864197530864198,2024-04-12,0.0,1
1,120,119,0.51,0.38,21,27,53,0.49,12,401585818,2024-04-14,2024,1,239,1,115.8,110.0,5.8,225.8,0.484,0.43,11.2,24.6,38.6,0.488,13.2,118.1,111.2,6.9,229.3,0.48900000000000005,0.41100000000000003,11.7,26.7,40.0,0.496,14.6,0.588957055214724,2024-04-14,1.0,0
0,109,132,0.55,0.37,12,20,34,0.51,4,401704627,2024-10-22,2025,-23,241,0,119.8,112.2,7.6,232.0,0.5,0.438,11.8,25.6,41.6,0.492,12.2,115.6,113.0,2.6,228.6,0.48100000000000004,0.39899999999999997,12.7,25.7,41.1,0.499,14.0,0.5914634146341463,2024-10-22,10.0,0
1,123,98,0.52,0.44,12,19,43,0.49,16,401704647,2024-10-25,2025,25,221,1,117.2,116.8,0.4,234.0,0.5119999999999999,0.41600000000000004,12.8,24.6,40.2,0.5,10.2,113.9,113.2,0.7,227.1,0.49000000000000005,0.398,12.7,25.3,39.5,0.496,12.9,0.5878787878787879,2024-10-25,2.0,0
1,104,110,0.44,0.32,16,22,43,0.48,14,401704672,2024-10-28,2025,-6,214,0,116.2,113.0,3.2,229.2,0.506,0.41,13.0,22.2,42.6,0.492,11.6,115.0,111.7,3.3,226.7,0.501,0.41200000000000003,12.8,24.8,39.2,0.491,13.2,0.5903614457831325,2024-10-28,2.0,0
0,116,107,0.49,0.45,11,30,42,0.46,10,401704688,2024-10-30,2025,9,223,1,113.4,113.2,0.2,226.6,0.496,0.396,13.2,21.8,40.8,0.49399999999999994,12.0,115.5,111.8,3.7,227.3,0.499,0.409,13.0,24.5,40.5,0.48999999999999994,12.8,0.5868263473053892,2024-10-30,1.0,0
0,128,98,0.51,0.47,10,31,45,0.51,22,401704700,2024-11-01,2025,30,226,1,114.4,113.2,1.2,227.6,0.502,0.392,14.4,23.6,43.0,0.48600000000000004,11.2,115.1,111.6,3.5,226.7,0.493,0.41100000000000003,12.8,24.1,40.8,0.487,12.2,0.5892857142857143,2024-11-01,1.0,0
0,97,109,0.39,0.39,10,20,39,0.49,11,401704727,2024-11-05,2025,-12,206,0,116.0,109.0,7.0,225.0,0.502,0.41,12.2,24.4,41.4,0.49000000000000005,13.2,117.9,110.6,7.3,228.5,0.501,0.42400000000000004,12.0,25.0,41.5,0.491,12.7,0.591715976331361,2024-11-05,3.0,0
0,116,121,0.49,0.47,16,29,41,0.45,8,401704737,2024-11-07,2025,-5,237,0,113.6,104.4,9.2,218.0,0.47000000000000003,0.41400000000000003,11.8,24.4,42.4,0.48599999999999993,14.6,115.4,110.6,4.8,226.0,0.49099999999999994,0.41500000000000004,12.3,24.5,41.3,0.493,12.4,0.5882352941176471,2024-11-07,1.0,0
1,116,94,0.47,0.3,11,35,48,0.43,12,401704755,2024-11-09,2025,22,210,1,112.2,109.0,3.2,221.2,0.46399999999999997,0.42000000000000004,12.6,26.4,42.0,0.47800000000000004,13.0,114.2,111.0,3.2,225.2,0.485,0.41500000000000004,12.8,24.3,42.3,0.48500000000000004,12.3,0.5847953216374269,2024-11-09,1.0,0
0,121,132,0.55,0.28,14,23,39,0.51,10,401704769,2024-11-10,2025,-11,253,0,114.6,105.8,8.8,220.4,0.47000000000000003,0.41600000000000004,11.6,29.0,43.0,0.46799999999999997,12.6,114.0,109.5,4.5,223.5,0.48299999999999993,0.40599999999999997,12.4,25.4,41.9,0.481,12.3,0.5872093023255814,2024-11-10,0.0,1
0,111,99,0.49,0.29,15,31,47,0.37,15,401703373,2024-11-13,2025,12,210,1,115.6,110.8,4.8,226.4,0.48200000000000004,0.382,12.2,27.6,42.4,0.47800000000000004,12.6,115.0,112.0,3.0,227.0,0.492,0.387,13.3,25.6,42.7,0.48199999999999993,11.9,0.5838150289017341,2024-11-13,2.0,0
1,123,124,0.51,0.41,15,31,40,0.54,18,401704785,2024-11-14,2025,-1,247,0,112.2,111.0,1.2,223.2,0.47800000000000004,0.346,13.2,27.6,42.8,0.45,11.2,114.1,110.0,4.1,224.1,0.48999999999999994,0.378,12.7,26.0,42.1,0.47000000000000003,12.2,0.5862068965517241,2024-11-14,0.0,1
1,124,122,0.53,0.34,13,25,45,0.44,9,401703383,2024-11-16,2025,2,246,1,117.4,114.0,3.4,231.4,0.502,0.35,14.2,29.8,43.0,0.45999999999999996,12.6,115.5,109.2,6.3,224.7,0.48600000000000004,0.382,13.0,27.1,42.7,0.473,13.6,0.5828571428571429,2024-11-16,1.0,0
1,114,104,0.49,0.32,8,33,47,0.42,9,401704806,2024-11-18,2025,10,218,1,119.0,114.2,4.8,233.2,0.51,0.324,13.6,29.0,43.8,0.458,12.8,115.6,111.6,4.0,227.2,0.48699999999999993,0.372,13.1,27.7,42.9,0.4680000000000001,12.9,0.5852272727272727,2024-11-18,1.0,0
1,134,106,0.56,0.5,8,37,41,0.47,10,401704812,2024-11-19,2025,28,240,1,118.6,116.2,2.4,234.8,0.514,0.32799999999999996,13.0,28.6,43.6,0.45599999999999996,12.2,116.6,111.0,5.6,227.6,0.492,0.372,12.3,28.8,43.3,0.462,12.4,0.5875706214689266,2024-11-19,0.0,1
0,138,122,0.58,0.49,15,30,41,0.49,14,401704823,2024-11-21,2025,16,260,1,121.2,111.0,10.2,232.2,0.516,0.372,11.8,31.4,44.0,0.44800000000000006,12.2,118.4,110.9,7.5,229.3,0.499,0.377,12.0,29.5,43.2,0.46299999999999997,12.4,0.5898876404494382,2024-11-21,1.0,0
0,106,121,0.39,0.33,9,25,40,0.51,18,401704830,2024-11-23,2025,-15,227,0,126.6,115.6,11.0,242.2,0.534,0.4119999999999999,11.8,31.2,42.8,0.472,12.0,119.4,113.3,6.1,232.7,0.506,0.379,12.5,29.4,42.8,0.461,11.6,0.5921787709497207,2024-11-23,1.0,0
0,145,118,0.61,0.53,11,45,43,0.45,11,401704849,2024-11-26,2025,27,263,1,123.2,115.0,8.2,238.2,0.51,0.396,10.6,30.0,42.8,0.466,12.0,120.3,114.5,5.8,234.8,0.506,0.373,12.4,29.9,42.9,0.46299999999999997,12.3,0.5888888888888889,2024-11-26,2.0,0
0,114,129,0.47,0.24,9,20,33,0.56,13,401704858,2024-11-28,2025,-15,243,0,127.4,114.2,13.2,241.6,0.526,0.434,10.2,34.0,42.4,0.46799999999999997,12.4,123.2,114.2,9.0,237.4,0.518,0.379,11.9,31.5,43.1,0.46299999999999997,12.6,0.5911602209944752,2024-11-28,1.0,0
0,99,98,0.44,0.38,21,20,44,0.4,15,401703409,2024-11-29,2025,1,197,1,127.4,119.2,8.2,246.6,0.522,0.418,10.4,31.4,39.6,0.4960000000000001,13.2,123.0,117.7,5.3,240.7,0.518,0.37300000000000005,11.7,30.0,41.6,0.476,12.7,0.5879120879120879,2024-11-29,0.0,1
1,118,85,0.46,0.44,17,30,60,0.37,14,401704874,2024-12-01,2025,33,203,1,120.4,117.6,2.8,238.0,0.49800000000000005,0.394,13.0,28.0,40.2,0.48200000000000004,14.2,120.8,114.3,6.5,235.1,0.5069999999999999,0.383,12.4,29.7,42.1,0.465,13.2,0.5901639344262295,2024-12-01,1.0,0
1,121,106,0.51,0.43,19,30,39,0.44,16,401703422,2024-12-04,2025,15,227,1,116.4,110.2,6.2,226.6,0.47400000000000003,0.384,13.4,28.0,44.0,0.458,14.2,121.5,112.9,8.6,234.4,0.504,0.398,12.6,29.6,43.4,0.465,13.1,0.592391304347826,2024-12-04,2.0,0
1,125,101,0.54,0.55,9,29,43,0.45,11,401704893,2024-12-06,2025,24,226,1,119.4,107.2,12.2,226.6,0.49799999999999994,0.404,15.4,29.0,43.8,0.44400000000000006,13.8,121.3,111.1,10.2,232.4,0.504,0.4,13.0,29.5,43.3,0.45500000000000007,12.9,0.5945945945945946,2024-12-06,1.0,0
1,111,120,0.53,0.32,15,27,31,0.52,19,401704909,2024-12-08,2025,-9,231,0,115.4,103.8,11.6,219.2,0.484,0.40800000000000003,15.0,25.8,43.8,0.44400000000000006,13.8,121.4,109.0,12.4,230.4,0.5050000000000001,0.421,12.6,29.9,43.1,0.45599999999999996,13.1,0.5967741935483871,2024-12-08,1.0,0
0,113,108,0.51,0.43,10,32,40,0.45,13,401704925,2024-12-10,2025,5,221,1,114.8,102.0,12.8,216.8,0.496,0.42400000000000004,16.2,27.2,43.4,0.43600000000000005,15.0,121.1,110.6,10.5,231.7,0.509,0.421,13.3,29.3,41.5,0.466,14.1,0.5935828877005348,2024-12-10,1.0,0
1,100,108,0.43,0.26,15,27,49,0.41,11,401734904,2024-12-12,2025,-8,208,0,117.6,104.0,13.6,221.6,0.51,0.434,14.0,29.6,42.6,0.446,14.6,119.0,110.8,8.2,229.8,0.504,0.41400000000000003,13.5,28.8,41.4,0.4640000000000001,14.4,0.5957446808510638,2024-12-12,1.0,0
0,100,91,0.46,0.42,19,20,45,0.42,15,401737902,2024-12-15,2025,9,191,1,114.0,108.6,5.4,222.6,0.504,0.398,13.6,29.0,40.4,0.454,14.0,115.2,109.4,5.8,224.6,0.48900000000000005,0.391,13.5,28.5,42.2,0.45600000000000007,14.1,0.5925925925925926,2024-12-15,2.0,0
0,133,107,0.52,0.44,15,39,57,0.46,13,401704933,2024-12-20,2025,26,240,1,109.8,105.6,4.2,215.4,0.49399999999999994,0.396,13.6,27.0,41.6,0.45,13.8,114.6,106.4,8.2,221.0,0.496,0.4,14.5,28.0,42.7,0.44700000000000006,13.8,0.5947368421052631,2024-12-20,4.0,0
0,104,93,0.44,0.41,17,24,42,0.41,19,401704950,2024-12-22,2025,11,197,1,111.4,106.8,4.6,218.2,0.49000000000000005,0.374,14.8,29.0,44.4,0.45199999999999996,14.2,113.4,105.3,8.1,218.7,0.48699999999999993,0.391,14.9,27.4,44.1,0.44800000000000006,14.0,0.5968586387434555,2024-12-22,1.0,0
1,139,125,0.59,0.46,17,34,35,0.55,15,401704963,2024-12-24,2025,14,264,1,110.0,101.4,8.6,211.4,0.4720000000000001,0.392,15.2,28.4,46.6,0.43,14.2,112.4,101.7,10.7,214.1,0.484,0.40800000000000003,15.7,27.8,45.0,0.433,14.6,0.5989583333333334,2024-12-24,1.0,0
1,117,114,0.45,0.33,5,26,47,0.51,15,401704971,2024-12-25,2025,3,231,1,115.2,104.8,10.4,220.0,0.488,0.398,16.6,28.8,45.6,0.45,14.6,116.4,104.4,12.0,220.8,0.499,0.41600000000000004,15.3,29.2,44.1,0.44800000000000006,14.6,0.6010362694300518,2024-12-25,0.0,1
0,108,85,0.53,0.27,18,18,44,0.37,17,401704985,2024-12-28,2025,23,193,1,118.6,106.0,12.6,224.6,0.4920000000000001,0.41200000000000003,14.6,28.6,45.2,0.47000000000000003,15.4,116.3,107.3,9.0,223.6,0.49800000000000005,0.40499999999999997,14.1,28.8,42.8,0.462,14.7,0.6030927835051546,2024-12-28,2.0,0
0,136,132,0.53,0.25,15,26,43,0.52,17,401704995,2024-12-29,2025,4,268,1,120.2,104.8,15.4,225.0,0.506,0.382,14.4,28.2,45.0,0.4600000000000001,15.8,115.0,105.2,9.8,220.2,0.5,0.389,14.0,27.6,43.3,0.45499999999999996,14.8,0.6051282051282051,2024-12-29,0.0,1
0,126,106,0.46,0.34,8,34,54,0.42,13,401705009,2024-12-31,2025,20,232,1,120.8,109.8,11.0,230.6,0.508,0.34400000000000003,14.4,25.6,42.2,0.4720000000000001,16.6,116.1,108.3,7.8,224.4,0.499,0.359,14.6,27.3,43.3,0.462,15.4,0.6071428571428571,2024-12-31,1.0,0
1,119,103,0.55,0.39,13,31,47,0.41,17,401705024,2025-01-02,2025,16,222,1,125.2,112.4,12.8,237.6,0.512,0.32999999999999996,12.6,27.6,44.6,0.47400000000000003,15.4,117.6,106.9,10.7,224.5,0.4920000000000001,0.36100000000000004,13.9,28.0,45.6,0.45199999999999996,14.8,0.6091370558375635,2025-01-02,1.0,0
0,107,117,0.48,0.28,12,22,42,0.51,13,401705039,2025-01-04,2025,-10,224,0,121.2,108.0,13.2,229.2,0.504,0.316,11.8,27.0,47.0,0.446,15.8,118.2,106.4,11.8,224.6,0.496,0.35700000000000004,14.2,27.9,46.3,0.44799999999999995,15.2,0.6111111111111112,2025-01-04,1.0,0
0,126,139,0.49,0.27,13,27,49,0.54,13,401705048,2025-01-05,2025,-13,265,0,119.2,108.6,10.6,227.8,0.51,0.306,13.2,26.2,46.0,0.446,15.4,118.9,107.3,11.6,226.2,0.501,0.35900000000000004,13.9,27.4,45.6,0.458,15.4,0.6080402010050251,2025-01-05,0.0,1
1,94,103,0.44,0.18,12,16,38,0.5,12,401705062,2025-01-07,2025,-9,197,0,122.8,119.4,3.4,242.2,0.502,0.306,12.2,28.0,47.0,0.48,14.6,121.5,112.1,9.4,233.6,0.504,0.344,13.3,28.1,46.0,0.4699999999999999,15.2,0.605,2025-01-07,1.0,0
1,112,98,0.48,0.36,16,24,43,0.49,17,401705077,2025-01-09,2025,14,210,1,114.4,113.6,0.8,228.0,0.484,0.292,11.6,26.0,46.0,0.476,13.6,117.6,111.7,5.9,229.3,0.496,0.318,13.0,25.8,44.1,0.47400000000000003,15.1,0.6019900497512438,2025-01-09,1.0,0
1,101,126,0.39,0.13,12,18,43,0.54,15,401705095,2025-01-11,2025,-25,227,0,111.6,112.0,-0.4,223.6,0.488,0.29600000000000004,13.2,24.0,43.8,0.49000000000000005,14.4,118.4,112.2,6.2,230.6,0.5,0.31300000000000006,12.9,25.8,44.2,0.48200000000000004,14.9,0.6039603960396039,2025-01-11,1.0,0
1,140,106,0.58,0.44,12,29,49,0.46,14,401705105,2025-01-12,2025,34,246,1,108.0,116.6,-8.6,224.6,0.45599999999999996,0.244,13.0,21.4,43.0,0.516,14.0,114.6,112.3,2.3,226.9,0.48,0.27999999999999997,12.4,24.2,45.0,0.481,14.9,0.6009852216748769,2025-01-12,0.0,1
1,119,124,0.5,0.41,18,26,42,0.5,13,401705115,2025-01-14,2025,-5,243,0,114.6,114.4,0.2,229.0,0.476,0.27599999999999997,13.0,22.8,44.4,0.506,14.2,116.9,111.5,5.4,228.4,0.493,0.29100000000000004,13.1,24.5,45.2,0.476,14.8,0.6029411764705882,2025-01-14,1.0,0
0,125,119,0.53,0.43,16,28,45,0.5,12,401705127,2025-01-16,2025,6,244,1,113.2,111.4,1.8,224.6,0.4779999999999999,0.304,14.0,22.6,43.0,0.49800000000000005,14.2,118.0,115.4,2.6,233.4,0.48999999999999994,0.30500000000000005,13.1,25.3,45.0,0.489,14.4,0.6,2025-01-16,1.0,0
1,99,116,0.39,0.41,9,19,41,0.53,16,401705144,2025-01-18,2025,-17,215,0,119.4,114.6,4.8,234.0,0.496,0.354,14.8,25.0,44.4,0.49800000000000005,14.2,116.9,114.1,2.8,231.0,0.48999999999999994,0.32300000000000006,13.2,25.5,45.2,0.487,13.9,0.6019417475728155,2025-01-18,1.0,0
1,119,110,0.52,0.35,16,31,39,0.47,24,401705168,2025-01-20,2025,9,229,1,116.8,118.2,-1.4,235.0,0.47800000000000004,0.364,13.4,24.0,44.0,0.506,14.0,114.2,115.1,-0.9,229.3,0.48299999999999993,0.32999999999999996,13.3,24.0,43.9,0.49800000000000005,14.2,0.5990338164251208,2025-01-20,1.0,0
0,99,95,0.46,0.29,12,29,42,0.37,17,401705172,2025-01-22,2025,4,194,1,120.4,115.0,5.4,235.4,0.504,0.40800000000000003,14.2,26.6,43.2,0.492,15.8,114.2,115.8,-1.6,230.0,0.48,0.326,13.6,24.0,43.1,0.504,14.9,0.6009615384615384,2025-01-22,1.0,0
1,143,120,0.5,0.47,11,40,53,0.48,12,401705207,2025-01-26,2025,23,263,1,112.2,112.8,-0.6,225.0,0.48,0.378,14.2,26.6,41.8,0.47400000000000003,16.4,113.4,113.6,-0.2,227.0,0.47800000000000004,0.327,13.6,24.7,43.1,0.48999999999999994,15.3,0.6028708133971292,2025-01-26,3.0,0
1,143,106,0.52,0.39,11,32,46,0.45,26,401705219,2025-01-28,2025,37,249,1,117.0,112.0,5.0,229.0,0.4800000000000001,0.38999999999999996,12.8,29.4,44.0,0.47000000000000003,16.2,115.1,111.7,3.4,226.8,0.479,0.347,13.4,26.0,43.5,0.484,15.2,0.6047619047619047,2025-01-28,1.0,0
1,122,112,0.52,0.41,6,33,35,0.49,14,401705234,2025-01-30,2025,10,234,1,120.6,109.4,11.2,230.0,0.47800000000000004,0.382,11.8,30.2,44.2,0.45999999999999996,19.0,120.0,112.0,8.0,232.0,0.48699999999999993,0.368,13.3,27.6,44.3,0.4789999999999999,16.6,0.6066350710900474,2025-01-30,1.0,0
1,112,128,0.46,0.36,14,33,44,0.58,15,401705258,2025-02-02,2025,-16,240,0,125.2,108.6,16.6,233.8,0.504,0.382,11.2,33.0,43.0,0.45199999999999996,18.6,121.0,113.4,7.6,234.4,0.491,0.373,12.3,28.5,43.5,0.479,16.3,0.6084905660377359,2025-02-02,2.0,0
1,124,118,0.51,0.23,14,24,40,0.46,17,401705268,2025-02-04,2025,6,242,1,123.8,112.2,11.6,236.0,0.492,0.384,10.8,33.4,44.0,0.47400000000000003,16.8,122.1,113.6,8.5,235.7,0.49800000000000005,0.396,12.5,30.0,43.6,0.483,16.3,0.6056338028169014,2025-02-04,1.0,0
0,121,115,0.5,0.32,13,26,43,0.52,14,401705279,2025-02-05,2025,6,236,1,128.8,116.8,12.0,245.6,0.502,0.372,11.2,32.4,43.6,0.492,16.8,120.5,114.8,5.7,235.3,0.491,0.375,12.7,29.5,42.7,0.483,16.6,0.6074766355140186,2025-02-05,0.0,1
1,104,131,0.42,0.38,9,16,30,0.54,11,401705314,2025-02-09,2025,-27,235,0,124.4,115.8,8.6,240.2,0.502,0.34199999999999997,11.6,29.6,41.6,0.5,17.2,120.7,113.9,6.8,234.6,0.491,0.366,12.2,29.5,42.8,0.485,16.7,0.6093023255813953,2025-02-09,3.0,0
0,128,115,0.54,0.37,16,37,48,0.48,10,401705331,2025-02-12,2025,13,243,1,116.6,120.8,-4.2,237.4,0.48200000000000004,0.33999999999999997,11.2,26.4,38.4,0.518,14.2,118.6,115.1,3.5,233.7,0.48,0.36099999999999993,11.5,28.3,41.3,0.48900000000000005,16.6,0.6064814814814815,2025-02-12,2.0,0
1,149,148,0.57,0.42,18,28,39,0.5,14,401705339,2025-02-13,2025,1,297,1,117.8,121.4,-3.6,239.2,0.48599999999999993,0.332,13.2,27.2,41.0,0.516,13.4,121.5,115.0,6.5,236.5,0.495,0.357,12.2,30.1,42.0,0.484,16.0,0.6082949308755761,2025-02-13,0.0,1
1,113,111,0.43,0.3,13,28,54,0.4,15,401705358,2025-02-21,2025,2,224,1,125.2,125.4,-0.2,250.6,0.508,0.344,14.0,26.2,40.0,0.5,13.2,124.5,118.8,5.7,243.3,0.5,0.364,12.4,29.8,42.0,0.487,15.0,0.6100917431192661,2025-02-21,7.0,0
0,105,142,0.47,0.36,17,25,32,0.61,15,401705363,2025-02-22,2025,-37,247,0,123.0,124.0,-1.0,247.0,0.492,0.358,13.8,27.0,42.8,0.488,12.8,125.9,120.4,5.5,246.3,0.497,0.365,12.5,29.7,43.2,0.49000000000000005,14.8,0.6118721461187214,2025-02-22,0.0,1
0,105,118,0.43,0.39,11,21,40,0.49,12,401705377,2025-02-23,2025,-13,223,0,119.8,129.4,-9.6,249.2,0.48599999999999993,0.366,14.6,26.8,40.6,0.506,13.0,122.1,122.6,-0.5,244.7,0.49399999999999994,0.354,13.1,28.2,41.1,0.5029999999999999,15.1,0.6090909090909091,2025-02-23,0.0,1
1,110,105,0.52,0.37,16,22,43,0.44,13,401705404,2025-02-27,2025,5,215,1,120.0,126.8,-6.8,246.8,0.488,0.368,15.0,27.8,42.6,0.496,13.2,118.3,123.8,-5.5,242.1,0.48500000000000004,0.354,13.1,27.1,40.5,0.507,13.7,0.6063348416289592,2025-02-27,3.0,0
0,114,113,0.46,0.34,9,29,35,0.47,19,401705422,2025-03-01,2025,1,227,1,116.4,124.8,-8.4,241.2,0.484,0.368,15.0,24.8,41.6,0.488,13.8,117.1,123.1,-6.0,240.2,0.485,0.35,14.1,26.0,41.3,0.502,13.6,0.6081081081081081,2025-03-01,1.0,0
0,116,112,0.48,0.32,13,27,46,0.54,13,401705435,2025-03-02,2025,4,228,1,109.4,117.8,-8.4,227.2,0.462,0.352,13.2,25.0,40.8,0.48200000000000004,14.8,117.3,121.6,-4.3,238.9,0.485,0.348,13.6,25.6,40.4,0.491,14.0,0.6098654708520179,2025-03-02,0.0,1
1,102,114,0.45,0.24,14,26,42,0.49,13,401705451,2025-03-05,2025,-12,216,0,110.0,118.0,-8.0,228.0,0.472,0.356,13.2,24.8,39.2,0.51,14.4,116.5,121.0,-4.5,237.5,0.48200000000000004,0.357,13.5,25.9,41.0,0.499,13.6,0.6116071428571429,2025-03-05,2.0,0
0,109,113,0.39,0.23,16,20,46,0.43,17,401705469,2025-03-07,2025,-4,222,0,109.4,112.4,-3.0,221.8,0.46799999999999997,0.332,12.6,25.0,41.2,0.48599999999999993,14.0,114.6,120.9,-6.3,235.5,0.47700000000000004,0.34900000000000003,13.6,25.9,40.9,0.4960000000000001,13.5,0.6088888888888889,2025-03-07,1.0,0
0,95,105,0.38,0.26,15,25,53,0.42,12,401705477,2025-03-08,2025,-10,200,0,110.2,111.4,-1.2,221.6,0.45999999999999996,0.3,13.6,24.8,42.4,0.47400000000000003,15.0,115.1,119.1,-4.0,234.2,0.47400000000000003,0.334,14.3,26.3,42.5,0.485,14.1,0.6061946902654868,2025-03-08,0.0,1
0,133,104,0.54,0.55,16,34,40,0.42,18,401705505,2025-03-11,2025,29,237,1,107.2,111.4,-4.2,218.6,0.43200000000000005,0.278,13.4,25.4,44.4,0.47000000000000003,14.8,111.8,118.1,-6.3,229.9,0.458,0.323,14.2,25.1,43.0,0.479,14.3,0.6035242290748899,2025-03-11,2.0,0
0,114,113,0.47,0.39,15,27,38,0.44,25,401705519,2025-03-13,2025,1,227,1,111.0,109.6,1.4,220.6,0.44800000000000006,0.32,14.8,26.4,45.4,0.45999999999999996,14.6,110.2,113.7,-3.5,223.9,0.45499999999999996,0.336,14.0,25.7,43.1,0.471,14.7,0.6052631578947368,2025-03-13,1.0,0
0,94,97,0.43,0.38,13,20,49,0.4,11,401705540,2025-03-16,2025,-3,191,0,110.6,109.8,0.8,220.4,0.446,0.334,15.2,26.4,43.8,0.44000000000000006,17.0,110.3,113.9,-3.6,224.2,0.45899999999999996,0.34500000000000003,14.2,25.6,41.5,0.475,15.7,0.6069868995633187,2025-03-16,2.0,0
1,116,95,0.49,0.47,14,30,41,0.48,21,401705550,2025-03-17,2025,21,211,1,109.0,106.4,2.6,215.4,0.442,0.362,15.0,25.2,45.2,0.422,16.6,109.2,109.4,-0.2,218.6,0.45500000000000007,0.34700000000000003,13.8,25.1,43.2,0.454,15.3,0.6043478260869565,2025-03-17,0.0,1
0,105,120,0.42,0.3,11,28,44,0.5,15,401705569,2025-03-20,2025,-15,225,0,110.4,102.8,7.6,213.2,0.462,0.41,14.6,27.2,44.2,0.43200000000000005,17.4,110.3,107.1,3.2,217.4,0.46099999999999997,0.355,14.1,26.0,43.3,0.453,16.2,0.6060606060606061,2025-03-20,2.0,0
0,98,115,0.4,0.26,7,26,38,0.49,12,401705576,2025-03-20,2025,-17,213,0,112.4,105.8,6.6,218.2,0.47000000000000003,0.41800000000000004,13.8,27.8,42.4,0.44800000000000006,18.0,109.8,108.6,1.2,218.4,0.45099999999999996,0.348,13.6,26.6,43.4,0.45899999999999996,16.4,0.603448275862069,2025-03-20,0.0,1
1,122,103,0.48,0.37,16,29,49,0.44,20,401705592,2025-03-23,2025,19,225,1,105.4,108.0,-2.6,213.4,0.442,0.36,12.0,26.2,42.0,0.462,16.8,108.2,108.8,-0.6,217.0,0.445,0.33999999999999997,13.4,26.3,43.7,0.46099999999999997,15.7,0.6008583690987125,2025-03-23,2.0,0
1,128,113,0.6,0.38,15,40,36,0.54,16,401705614,2025-03-25,2025,15,241,1,107.0,106.0,1.0,213.0,0.44399999999999995,0.356,12.2,26.6,44.2,0.462,15.8,108.8,107.9,0.9,216.7,0.445,0.34500000000000003,13.7,26.5,44.0,0.45099999999999996,16.4,0.6025641025641025,2025-03-25,1.0,0
1,113,126,0.5,0.38,10,35,38,0.51,5,401705622,2025-03-26,2025,-13,239,0,113.8,109.2,4.6,223.0,0.4779999999999999,0.356,12.6,30.6,41.6,0.49000000000000005,16.8,111.4,107.8,3.6,219.2,0.45999999999999996,0.359,13.8,27.9,43.4,0.45599999999999996,16.7,0.6042553191489362,2025-03-26,0.0,1
0,116,107,0.48,0.36,9,28,44,0.55,16,401705636,2025-03-29,2025,9,223,1,113.2,115.4,-2.2,228.6,0.48,0.338,11.8,31.6,41.0,0.4960000000000001,13.6,111.8,109.1,2.7,220.9,0.471,0.374,13.2,29.4,42.6,0.46399999999999997,15.5,0.6016949152542372,2025-03-29,2.0,0
1,110,93,0.54,0.4,15,27,44,0.44,14,401705648,2025-03-30,2025,17,203,1,115.4,112.8,2.6,228.2,0.492,0.35,11.4,31.6,41.0,0.506,13.8,113.9,109.3,4.6,223.2,0.48100000000000004,0.384,12.6,29.7,41.7,0.477,15.9,0.6033755274261603,2025-03-30,0.0,1
1,105,91,0.42,0.39,19,23,44,0.42,20,401705664,2025-04-01,2025,14,196,1,117.8,108.4,9.4,226.2,0.52,0.378,13.0,31.8,42.2,0.496,14.2,111.6,108.2,3.4,219.8,0.48100000000000004,0.369,12.5,29.0,42.1,0.479,15.5,0.6050420168067226,2025-04-01,1.0,0
0,105,124,0.44,0.31,16,24,39,0.53,13,401705669,2025-04-02,2025,-19,229,0,114.4,106.0,8.4,220.4,0.508,0.382,13.6,30.6,41.2,0.492,14.2,110.7,106.0,4.7,216.7,0.4760000000000001,0.369,12.9,28.6,42.7,0.477,15.0,0.606694560669456,2025-04-02,0.0,1
0,121,105,0.54,0.52,14,32,38,0.47,15,401705694,2025-04-05,2025,16,226,1,109.8,108.2,1.6,218.0,0.476,0.368,13.8,27.4,41.8,0.49000000000000005,13.6,111.8,108.7,3.1,220.5,0.477,0.362,13.2,29.0,41.7,0.49000000000000005,15.2,0.6041666666666666,2025-04-05,2.0,0
1,112,98,0.54,0.43,15,28,41,0.42,12,401705706,2025-04-06,2025,14,210,1,111.4,104.0,7.4,215.4,0.484,0.396,14.6,26.8,41.8,0.48200000000000004,15.6,112.3,109.7,2.6,222.0,0.48200000000000004,0.367,13.2,29.2,41.4,0.489,14.6,0.6058091286307054,2025-04-06,0.0,1
1,117,119,0.48,0.29,11,28,52,0.46,15,401705717,2025-04-08,2025,-2,236,0,110.6,102.2,8.4,212.8,0.496,0.41000000000000003,15.8,26.8,41.2,0.45599999999999996,14.8,113.0,107.5,5.5,220.5,0.49400000000000005,0.38,13.6,29.2,41.1,0.481,14.3,0.6074380165289256,2025-04-08,1.0,0
0,106,115,0.47,0.32,17,32,34,0.57,15,401705733,2025-04-10,2025,-9,221,0,112.0,107.4,4.6,219.4,0.484,0.388,15.0,27.0,42.8,0.45999999999999996,15.0,114.9,107.9,7.0,222.8,0.502,0.383,14.0,29.4,42.5,0.47800000000000004,14.6,0.6049382716049383,2025-04-10,1.0,0
1,102,108,0.41,0.39,11,22,35,0.49,15,401705741,2025-04-11,2025,-6,210,0,112.2,112.2,0.0,224.4,0.49400000000000005,0.374,14.6,28.8,40.8,0.49000000000000005,14.0,113.3,109.1,4.2,222.4,0.501,0.378,14.1,29.7,41.0,0.491,14.1,0.6024590163934426,2025-04-11,0.0,1
0,113,105,0.43,0.38,12,27,40,0.51,19,401705754,2025-04-13,2025,8,218,1,111.6,109.0,2.6,220.6,0.488,0.39,13.6,28.4,40.0,0.48199999999999993,14.4,110.7,108.6,2.1,219.3,0.48200000000000004,0.379,13.7,27.9,40.9,0.48600000000000004,14.0,0.6,2025-04-13,1.0,0
